Delta Time	Voltage A7	Voltage A15	Power A7	Power A15	Voltage Memory	Power Memory	Voltage GPU	Power GPU	Core 4 CycleCount	Core 4 Event 0x62	Core 4 Event 0x16	Core 4 Event 0x14	Core 4 Event 0x04	Core 4 Event 0x08	Core 4 Event 0x11
0.00435	0.91125	1.15375	0.032796	0.560358	1.21375	0.041242	0.9975	0.102691	665039	1552	8753	123377	95344	153198	665766
0.20307	0.91125	1.15375	0.02733	0.614549	1.21375	0.032751	0.9975	0.100697	1149252	2752	14287	186808	144733	239524	1150656
0.203068	0.91125	1.15375	0.02733	0.614549	1.21375	0.032751	0.9975	0.100697	1468803	3472	17493	227199	173381	286727	1469529
0.203035	0.91125	1.1525	0.015487	0.563328	1.21375	0.019408	0.9975	0.0997	1781846	4280	21112	269715	204647	338981	1782570
0.203081	0.91125	1.1525	0.014576	0.546048	1.21375	0.019408	0.9975	0.098703	2012419	4852	23504	298563	225222	373234	2013110
0.203068	0.91125	1.1525	0.020042	0.542592	1.2125	0.019392	0.99875	0.097804	2680866	5588	26970	338879	254155	421780	2681557
0.203211	0.91125	1.15375	0.028241	0.577653	1.21375	0.032751	0.9975	0.096709	11151600	19106	151662	1938705	1574567	2926008	11153809
0.203271	0.91125	1.15375	0.028241	0.577653	1.21375	0.032751	0.9975	0.096709	20476416	32110	285218	3634873	2972404	5549114	20477944
0.203261	0.91125	1.15375	0.030974	0.58803	1.2125	0.044844	0.99875	0.095808	36857103	54703	533565	6760214	5577084	10517251	36858738
0.203096	0.91125	1.15375	0.030974	0.586877	1.2125	0.04848	0.99875	0.095808	46009114	67996	660926	8371901	6922809	13099566	46010495
0.203238	0.91125	1.18	0.040084	0.63838	1.2125	0.052116	0.99875	0.09481	54593611	78340	783831	9956188	8276470	15733741	54594936
0.203284	0.91125	1.18	0.040084	0.63838	1.2125	0.052116	0.99875	0.09481	63490141	88583	908595	11570359	9623553	18297961	63491412
0.203897	0.91125	1.1925	0.040995	0.659176	1.2125	0.049692	0.99875	0.09481	267235116	2214179	2248008	57096041	44362058	188020214	267239358
0.204209	0.91125	1.2	0.030063	2.4264	1.2125	0.047268	0.99875	0.093812	634772083	5835455	4224055	143476391	104277305	523952128	634774862
0.204018	0.91125	1.20875	0.016398	4.496176	1.2175	0.153342	0.99875	0.09481	1001959407	9064793	6208786	231475951	163218811	870029547	1001962004
0.204316	0.91125	1.20875	0.016398	4.496176	1.2175	0.153342	0.99875	0.09481	1369662902	12118233	8194899	320054097	221397534	1219672946	1369665170
0.20397	0.91125	1.21	0.016398	4.89687	1.2175	0.172814	0.99875	0.095808	1736932326	15159538	10154956	409196475	279109057	1573001034	1736934562
0.204177	0.91125	1.21	0.017309	4.90413	1.2175	0.184984	0.99875	0.097804	2104065825	19820143	14251019	499030321	393236628	1973283991	2104068626
0.204398	0.91125	1.2125	0.016398	5.194632	1.2175	0.181333	0.99875	0.098802	2471822959	28922363	24066447	591213449	661253119	2496734067	2471825531
0.204605	0.91	1.21375	0.01911	5.453648	1.2175	0.268957	0.99875	0.0998	2840126497	37936146	33768658	682564323	926752522	3015220521	2840129419
0.20455	0.91	1.21375	0.01911	5.453648	1.2175	0.268957	0.99875	0.0998	3208348997	46902859	43410929	773443604	1190911353	3531110670	3208351726
0.204416	0.91	1.21375	0.03003	5.4585	1.2175	0.271391	0.99875	0.100798	3576165032	55964783	53185342	865310356	1457996762	4052745466	3576167729
0.204459	0.91	1.21375	0.03185	5.487612	1.2175	0.270174	0.99875	0.102794	3944143222	65045807	62980735	957291678	1725411545	280067717	3944146017
0.204454	0.91	1.21375	0.03185	5.487612	1.2175	0.275042	0.99875	0.103792	17251267	74146442	72794928	1049520887	1993584122	803815942	17253858
0.204431	0.91	1.21375	0.03185	5.487612	1.2175	0.275042	0.99875	0.103792	385150674	83241212	82601056	1141595689	2261382453	1326852815	385153158
0.204377	0.91	1.21375	0.02002	5.487612	1.2175	0.26774	0.99875	0.10479	753104382	92357460	92459790	1233945458	2530005060	1851509469	753106698
0.20438	0.91	1.21375	0.02002	5.492464	1.2175	0.271391	0.99875	0.10479	1121085800	101450324	102274126	1326050683	2797839376	2374610572	1121088298
0.204409	0.91	1.21375	0.02002	5.513085	1.2175	0.272608	0.99875	0.10479	1488979096	110575707	112119899	1418443274	3066508556	2899345282	1488981873
0.204442	0.91	1.21375	0.02002	5.528854	1.21625	0.26752	0.99875	0.106786	1857094856	119687875	121945582	1510734070	3334892362	3423512455	1857097443
0.204467	0.91	1.21375	0.02002	5.528854	1.21625	0.26752	0.99875	0.106786	2225103746	128815848	131795568	1603177905	3603752257	3948646519	2225106228
0.204494	0.91	1.21375	0.02093	5.503381	1.21625	0.272384	0.99875	0.106786	2593063524	137917402	141611788	1695378048	3871851795	177292028	2593065983
0.204402	0.91	1.21375	0.02912	5.526428	1.2175	0.271391	0.99875	0.106786	2960970036	146989613	151392444	1787285899	4139060335	699168404	2960972721
0.20437	0.91	1.21375	0.03367	5.525215	1.2175	0.273825	0.99875	0.106786	3328875433	156059579	161164113	1879112459	111008644	1220456648	3328877893
0.205045	0.91	1.21375	0.03367	5.525215	1.2175	0.273825	0.99875	0.106786	3697813528	165173150	170990110	1971420555	379382301	1744608298	3697816155
0.204456	0.91	1.21375	0.03276	5.504594	1.2175	0.270174	0.99875	0.107784	4065988586	174181134	180694961	2062629947	644595604	2262564613	4065990988
0.20443	0.91	1.21375	0.02366	5.533706	1.2175	0.270174	0.99875	0.107784	138844635	183170017	190378927	2153654849	909283207	2779494010	138847337
0.204256	0.91	1.21375	0.02093	5.53128	1.2175	0.272608	0.99875	0.107784	506784520	192254857	200170965	2245673255	1176914951	3302199115	506787461
0.20451	0.91	1.21375	0.02002	5.534919	1.21625	0.26752	0.99875	0.108782	874843381	201355284	209978190	2337748967	1444719639	3825268618	874846332
0.204321	0.91	1.21375	0.02002	5.534919	1.21625	0.26752	0.99875	0.108782	1242667520	210469755	219810992	2430093338	1713299948	54862074	1242670436
0.204594	0.91	1.21375	0.02002	5.530067	1.2175	0.270174	0.99875	0.108782	1610919660	219571410	229623409	2522243483	1981323610	578364205	1610922222
0.20438	0.91	1.21375	0.02093	5.542197	1.21625	0.269952	0.99875	0.108782	1978639972	228701116	239479217	2614750956	2250464682	1104053946	1978642322
0.204311	0.91	1.21375	0.02457	5.534919	1.2175	0.273825	0.99875	0.10978	2346668288	237767920	249253896	2706612778	2517584416	1625756314	2346670897
0.204406	0.91	1.21375	0.02457	5.534919	1.2175	0.273825	0.99875	0.10978	2714294348	246866308	259068059	2798760621	2785474984	2148947214	2714297257
0.204423	0.91	1.21375	0.03367	5.527641	1.2175	0.268957	0.99875	0.10978	3082334023	255947249	268866964	2890746364	3052928987	2671279162	3082336712
0.204305	0.91	1.21375	0.03367	5.539771	1.2175	0.270174	0.99875	0.10978	3450251435	265020253	278671216	2982649043	3320188342	3193263095	3450254077
0.204452	0.91	1.21375	0.02639	5.530067	1.2175	0.270174	0.99875	0.10978	3818190610	274124916	288496796	3074870944	3588420608	3717154675	3818193227
0.204821	0.91	1.21375	0.02639	5.530067	1.2175	0.270174	0.99875	0.10978	4186875580	283250885	298338984	3167275164	3857165455	4242061336	4186877927
0.204387	0.91	1.21375	0.02093	5.554327	1.2175	0.273825	0.99875	0.10978	259778484	292360428	308167558	3259570942	4125605550	471387739	259780476
0.204503	0.91	1.21375	0.02093	5.542197	1.2175	0.26774	0.99875	0.10978	627972207	301457122	317973287	3351666630	98448128	994445293	627974980
0.20439	0.91125	1.21375	0.020953	5.527641	1.2175	0.271391	0.99875	0.10978	995680257	310500995	327712312	3443260866	364867874	1514792724	995683191
0.204417	0.91125	1.21375	0.020953	5.565244	1.2175	0.268957	0.99875	0.10978	1363566429	319494849	337384166	3534313190	629684453	2031981545	1363569040
0.204383	0.91125	1.21375	0.020953	5.565244	1.2175	0.268957	0.99875	0.10978	1731475344	328550696	347138935	3626067058	896451954	2552979087	1731477741
0.204528	0.91125	1.21375	0.020953	5.54341	1.2175	0.271391	0.99875	0.110778	2099589414	337623919	356920253	3717988186	1163748248	3075023510	2099592311
0.204356	0.91	1.21375	0.02184	5.527641	1.21625	0.268736	0.99875	0.110778	2467567537	346688501	366714784	3809849410	1430761713	3596492239	2467569721
0.204305	0.91	1.21375	0.03367	5.545836	1.2175	0.268957	0.99875	0.110778	2835417421	355737389	376483731	3901487432	1697198411	4116849291	2835419881
0.204544	0.91	1.21375	0.03367	5.545836	1.2175	0.268957	0.99875	0.110778	3203556983	364854784	386326127	3993897902	1965925768	346726933	3203559918
0.204361	0.91	1.21375	0.03458	5.550688	1.2175	0.275042	0.99875	0.110778	3571623327	373961535	396148001	4086145497	2234203713	870707714	3571625803
0.20432	0.91	1.21375	0.03094	5.538558	1.2175	0.268957	0.99875	0.110778	3939075524	383087452	406000640	4178639788	2503238780	1396172819	3939078118
0.204282	0.91	1.21375	0.02093	5.549475	1.2175	0.268957	0.99875	0.110778	11933589	392170515	415795879	4270669354	2770970461	1919105765	11936037
0.204498	0.91	1.21375	0.02093	5.568883	1.21625	0.269952	0.99875	0.111776	379801453	401284705	425625086	68003681	3039501798	2443602607	379804120
0.204381	0.91	1.21375	0.02093	5.568883	1.21625	0.269952	0.99875	0.111776	747841380	410398352	435458140	160362788	3308169291	2968343801	747844103
0.20442	0.91125	1.21375	0.020953	5.538558	1.2175	0.272608	0.99875	0.111776	1115671113	419498460	445271008	252519889	3576190874	3491816576	1115673760
0.20424	0.91	1.21375	0.02093	5.559179	1.2175	0.268957	0.99875	0.111776	1483612263	428611572	455123165	344886516	3844883504	4016613916	1483615155
0.204478	0.91	1.215	0.02093	5.568345	1.2175	0.26774	0.99875	0.111776	1851584628	437660713	464902263	436604428	4111534685	242430729	1851587190
0.204612	0.91	1.215	0.02093	5.568345	1.2175	0.26774	0.99875	0.111776	2219810033	446705136	474650072	528236184	82957560	762689933	2219813000
0.204596	0.91	1.215	0.03094	5.539185	1.2175	0.275042	0.99875	0.111776	2588158813	455665254	484287227	619060053	346899579	1278133765	2588161444
0.222755	0.91	1.21375	0.0364	5.530067	1.2175	0.270174	0.99875	0.111776	2988842368	465527496	494903857	718914643	637232618	1845145033	2988844962
0.204417	0.91	1.21375	0.03458	5.557966	1.2175	0.271391	0.99875	0.111776	3356909093	474616626	504700361	810923901	904867758	2367882639	3356911765
0.204404	0.91125	1.21375	0.022775	5.544623	1.2175	0.268957	0.99875	0.111776	3724926166	483742076	514548012	903347671	1173629698	2892788413	3724928959
0.2043	0.91125	1.21375	0.022775	5.544623	1.2175	0.268957	0.99875	0.111776	4092898591	492862656	524387515	995733405	1442362784	3417657149	4092901390
0.204574	0.91	1.21375	0.02457	5.574948	1.2175	0.271391	0.99875	0.111776	165987926	501987335	534235376	1088150052	1711200447	3942733435	165990799
0.204509	0.91125	1.21375	0.020953	5.539771	1.2175	0.270174	0.99875	0.111776	534240859	511093298	544079358	1180353391	1979305163	171394144	534243694
0.204378	0.91125	1.21375	0.020953	5.560392	1.2175	0.26774	0.99875	0.111776	901889197	520185957	553898161	1272435460	2247132676	694505102	901891679
0.204376	0.91125	1.21375	0.020953	5.560392	1.2175	0.26774	0.99875	0.111776	1269717867	529310689	563740373	1364790587	2515748523	1219165846	1269720424
0.204488	0.91	1.21375	0.02093	5.568883	1.2175	0.273825	0.99875	0.111776	1637802167	538377101	573515262	1456632605	2782795434	1740733955	1637805257
0.204408	0.91	1.21375	0.02821	5.534919	1.2175	0.268957	0.99875	0.111776	2005659672	547465421	583319012	1548717747	3050526814	2263627547	2005662399
0.204381	0.91	1.21375	0.03367	5.564031	1.2175	0.270174	0.99875	0.111776	2373587570	556532477	593093507	1640522411	3317430596	2784908811	2373590099
0.204433	0.91	1.21375	0.03458	5.54341	1.2175	0.270174	0.99875	0.111776	2741725107	565638909	602921789	1732813658	3585724700	3308905299	2741727814
0.204317	0.91	1.21375	0.03458	5.54341	1.2175	0.270174	0.99875	0.111776	3109505642	574699470	612679471	1824560156	3852517447	3829964798	3109508339
0.204555	0.91125	1.21375	0.024597	5.556753	1.2175	0.270174	0.99875	0.111776	3477736342	583706725	622372170	1915880210	4117999944	53435976	3477738579
0.204536	0.91125	1.21375	0.021864	5.557966	1.21625	0.268736	0.99875	0.111776	3845848997	592773644	632151463	2007681611	90031962	574914801	3845851394
0.204437	0.91125	1.21375	0.020953	5.560392	1.21625	0.268736	0.99875	0.112774	4213792394	601869749	641981747	2099800306	357880031	1098031886	4213795299
0.20434	0.91125	1.21375	0.020953	5.560392	1.21625	0.268736	0.99875	0.112774	286630401	610977955	651807763	2192032285	626169757	1622045799	286633018
0.204391	0.91125	1.21375	0.021864	5.547049	1.21625	0.272384	0.99875	0.112774	654495599	620092677	661641638	2284352672	894697329	2146518864	654498163
0.204356	0.91	1.21375	0.02184	5.562818	1.2175	0.26774	0.99875	0.112774	1022340554	629207550	671472453	2376658232	1163214120	2670975361	1022343328
0.204348	0.91	1.21375	0.02457	5.571309	1.2175	0.26774	0.9975	0.112661	1390276742	638279389	681254697	2468553851	1430451473	3192927612	1390279783
0.204326	0.91	1.21375	0.03458	5.532493	1.2175	0.268957	0.9975	0.111664	1758204979	647360931	691048501	2560539472	1697846477	3715164806	1758207463
0.204849	0.91	1.21375	0.03458	5.532493	1.2175	0.268957	0.9975	0.111664	2126740151	656459450	700861025	2652686923	1965815422	4238541604	2126742878
0.204486	0.91	1.21375	0.03458	5.568883	1.2175	0.271391	0.99875	0.112774	2494963625	665561626	710674601	2744851763	2233792196	466952589	2494966233
0.204457	0.91	1.21375	0.0273	5.553114	1.2175	0.270174	0.9975	0.112661	2862878331	674654362	720489831	2836990305	2501774534	990342062	2862881176
0.204354	0.91125	1.21375	0.021864	5.542197	1.2175	0.271391	0.99875	0.112774	3230690096	683761230	730336715	2929236105	2770064093	1514342583	3230692413
0.204364	0.91125	1.21375	0.021864	5.542197	1.2175	0.271391	0.99875	0.112774	3598451911	692856513	740152812	3021346377	3037965975	2037596701	3598454423
0.204441	0.91125	1.21375	0.020953	5.578587	1.2175	0.26774	0.99875	0.112774	3966489868	701974499	749985624	3113679041	3306549504	2562177612	3966492798
0.204405	0.91125	1.21375	0.020953	5.557966	1.2175	0.271391	0.99875	0.112774	39381930	711036880	759748917	3205460369	3573437224	3083405246	39384186
0.204311	0.91125	1.21375	0.021864	5.556753	1.21625	0.26752	0.99875	0.112774	407279310	720064362	769468598	3296933932	3839491798	3603024691	407281987
0.204279	0.91125	1.21375	0.021864	5.55554	1.2175	0.268957	0.99875	0.112774	775283730	729075722	779160111	3388102801	4104643824	4120889622	775286392
0.204363	0.91125	1.21375	0.021864	5.55554	1.2175	0.268957	0.99875	0.112774	1142877545	738150088	788946169	3480030716	76977618	347977574	1142880162
0.204583	0.91125	1.21375	0.020953	5.571309	1.2175	0.268957	0.99875	0.112774	1511212169	747241028	798754572	3572164280	344891033	871232820	1511214512
0.204352	0.91	1.21375	0.03458	5.540984	1.2175	0.271391	0.99875	0.112774	1878887577	756313368	808537773	3664070119	612098132	1393093284	1878889742
0.204456	0.91	1.21375	0.03458	5.548262	1.2175	0.272608	0.99875	0.112774	2246909273	765396056	818353744	3756118268	879758454	1915846080	2246911757
0.204422	0.91	1.21375	0.03458	5.548262	1.2175	0.272608	0.99875	0.112774	2614748200	774477967	828164100	3848096949	1147196903	2438171436	2614750872
0.204411	0.91	1.21375	0.03094	5.581013	1.2175	0.26774	0.99875	0.112774	2982776890	783594891	837996089	3940427305	1415733035	2962651117	2982779392
0.204407	0.91125	1.21375	0.021864	5.548262	1.2175	0.273825	0.99875	0.112774	3350629070	792700539	847818238	4032669139	1684004020	3486620642	3350631477
0.204342	0.91	1.21375	0.02093	5.574948	1.2175	0.268957	0.99875	0.113772	3718663459	801818545	857651260	4125013513	1952517013	4011042926	3718666092
0.204385	0.91	1.21375	0.02093	5.574948	1.2175	0.268957	0.99875	0.113772	4086423931	810918821	867468965	4217208745	2220673279	239823496	4086426802
0.204417	0.91	1.21375	0.02093	5.559179	1.2175	0.266523	0.99875	0.113772	159554517	820029818	877292116	14487151	2488963213	763830590	159557256
0.204423	0.91125	1.21375	0.021864	5.559179	1.2175	0.272608	0.99875	0.113772	527407069	829128378	887101968	106616553	2756918834	1287184816	527409631
0.204449	0.91125	1.21375	0.021864	5.565244	1.2175	0.270174	0.99875	0.113772	895335906	838215637	896903242	198686918	3024626786	1810037694	895338496
0.204111	0.91	1.21375	0.03094	5.564031	1.2175	0.251919	0.99875	0.113772	1260934959	841323612	899259685	274088050	3092039883	2079514018	1260936961
0.203995	0.91	1.21375	0.03094	5.564031	1.2175	0.251919	0.99875	0.113772	1628248709	844574640	901339199	362301985	3152874338	2424388555	1628251071
0.204029	0.91	1.2125	0.03367	5.095248	1.2175	0.184984	0.99875	0.112774	1995662037	847689610	903350643	450305420	3211777076	2771587552	1995664951
0.204282	0.91	1.2125	0.03276	5.046768	1.2175	0.183767	0.99875	0.111776	2363220704	850741259	905335776	538870743	3269938824	3122499654	2363223813
0.204159	0.91125	1.21125	0.020042	5.018384	1.2175	0.184984	0.99875	0.111776	2730910729	853764974	907295773	627784495	3327500928	3475832116	2730913153
0.204337	0.91125	1.21125	0.020042	5.018384	1.2175	0.184984	0.99875	0.111776	3097861949	859352042	912512683	716741334	3474057260	3897134158	3097864648
0.204502	0.91125	1.21125	0.020042	5.046237	1.2175	0.183767	0.99875	0.111776	3465901984	868476466	922304132	809244497	3743220308	127927607	3465904746
0.204457	0.91125	1.2125	0.020953	5.297652	1.2175	0.270174	0.99875	0.111776	3833861669	877585517	932073198	901495764	4011677722	652332682	3833864263
0.204384	0.91125	1.21375	0.020953	5.551901	1.2175	0.268957	0.99875	0.111776	4201867109	886728604	941890452	994207167	4281508570	1179413665	4201869324
0.204245	0.91125	1.21375	0.020953	5.583439	1.2175	0.271391	0.99875	0.112774	274901658	895851128	951678178	1086651767	255601572	1704990318	274904055
0.20433	0.91125	1.21375	0.020953	5.583439	1.2175	0.271391	0.99875	0.112774	642538003	904943949	961431625	1178843456	523873249	2229011580	642540595
0.204477	0.91125	1.21375	0.02733	5.548262	1.2175	0.268957	0.99875	0.112774	1010622713	914036718	971177921	1271032709	792072014	2752884878	1010624925
0.204541	0.91	1.21375	0.03458	5.565244	1.2175	0.268957	0.99875	0.112774	1378799721	923132900	980935729	1363196138	1060211918	3276658783	1378802435
0.20446	0.91	1.21375	0.03458	5.565244	1.2175	0.275042	0.99875	0.112774	1746690668	932234060	990703957	1455477384	1328759136	3801232484	1746693232
0.204407	0.91	1.21375	0.03458	5.565244	1.2175	0.275042	0.99875	0.112774	2114550328	941357191	1000490771	1547917081	1597839997	31905365	2114552975
0.204407	0.91125	1.21375	0.024597	5.556753	1.2175	0.268957	0.99875	0.112774	2482452001	950498874	1010306450	1640587535	1867592394	558849713	2482454608
0.204486	0.91125	1.21375	0.020953	5.568883	1.2175	0.270174	0.99875	0.112774	2850533933	959608620	1020084990	1732947422	2136383525	1083903579	2850536605
0.204395	0.91	1.21375	0.02093	5.568883	1.2175	0.270174	0.99875	0.113772	3218433208	968701349	1029835877	1825129734	2404554691	1607715190	3218436114
0.204316	0.91	1.21375	0.02093	5.581013	1.2175	0.270174	0.99875	0.113772	3586329563	977716583	1039481741	1916498972	2670431032	2127036375	3586332089
0.204304	0.91	1.21375	0.02093	5.581013	1.2175	0.270174	0.99875	0.113772	3954221223	986761711	1049177905	2008211015	2937268242	2648231554	3954224179
0.204594	0.91125	1.21375	0.021864	5.568883	1.2175	0.271391	0.99875	0.113772	27379947	995864426	1058927903	2100482368	3205816904	3172821376	27382209
0.20436	0.91125	1.21375	0.024597	5.581013	1.2175	0.270174	0.99875	0.113772	395404092	1004968045	1068698093	2192799754	3474369384	3697374627	395406979
0.20443	0.91125	1.21375	0.034618	5.565244	1.2175	0.268957	0.99875	0.113772	763148902	1014062203	1078458765	2284953834	3742497121	4221135593	763151464
0.204481	0.91125	1.21375	0.034618	5.565244	1.2175	0.268957	0.99875	0.113772	1131117642	1023171139	1088240665	2377381801	4011332682	451266999	1131120314
0.204452	0.91125	1.21375	0.034618	5.570096	1.2175	0.276259	0.99875	0.113772	1499357649	1032262496	1097984344	2469488593	4279311703	974709132	1499360140
0.204444	0.91125	1.21375	0.028241	5.576161	1.2175	0.268957	0.99875	0.113772	1867116587	1041397811	1107798150	2562138143	253989203	1501439976	1867119096
0.204248	0.91125	1.21375	0.020953	5.570096	1.2175	0.271391	0.99875	0.113772	2235065967	1050512058	1117582149	2654550211	522904970	2026740845	2235068344
0.204387	0.91125	1.21375	0.020953	5.570096	1.2175	0.271391	0.99875	0.113772	2602814447	1059639794	1127378394	2747047065	792170587	2552748663	2602816929
0.204323	0.91125	1.21375	0.020953	5.590717	1.2175	0.270174	0.99875	0.113772	2970770742	1068748343	1137162732	2839430201	1061052234	3077982349	2970773469
0.2045	0.91	1.21375	0.02184	5.5798	1.2175	0.270174	0.99875	0.113772	3338740869	1077862324	1146929454	2931824050	1329987349	3603322617	3338742944
0.204451	0.91125	1.21375	0.022775	5.572522	1.2175	0.271391	0.99875	0.113772	3706591212	1087004028	1156748226	3024510439	1599843194	4130483224	3706594018
0.204466	0.91125	1.21375	0.020953	5.551901	1.2175	0.26774	0.99875	0.113772	4074599914	1095992124	1166327309	3115078437	1862270778	347910887	4074602674
0.204408	0.91125	1.21375	0.020953	5.551901	1.2175	0.26774	0.99875	0.113772	147664951	1105080612	1176079250	3207291113	2130485722	871781018	147667553
0.204501	0.91125	1.21375	0.021864	5.574948	1.2175	0.272608	0.99875	0.113772	515629021	1114108326	1185748624	3298849794	2396875620	1392097629	515631952
0.204387	0.91	1.215	0.03367	5.58171	1.2175	0.268957	0.99875	0.113772	883660013	1123086022	1195350902	3389881078	2661683011	1909307238	883662998
0.204431	0.91	1.21375	0.03458	5.571309	1.2175	0.270174	0.99875	0.113772	1251709654	1132126761	1205039015	3481548048	2928437783	2430372144	1251712580
0.204311	0.91	1.21375	0.03458	5.571309	1.2175	0.270174	0.99875	0.113772	1619519980	1141229602	1214804900	3573837083	3197045119	2955070415	1619522730
0.20438	0.91	1.21375	0.03185	5.601634	1.2175	0.272608	0.99875	0.113772	1987660786	1150308007	1224548976	3665927159	3465014914	3478506044	1987663458
0.204381	0.91125	1.21375	0.021864	5.574948	1.2175	0.271391	0.99875	0.113772	2355265301	1159413442	1234314909	3758327390	3733937427	4003814766	2355267868
0.204363	0.91125	1.215	0.020953	5.58414	1.2175	0.270174	0.99875	0.113772	2723028113	1168527655	1244100898	3850812112	4003099874	234620947	2723030813
0.204341	0.91	1.21375	0.02093	5.582226	1.2175	0.268957	0.99875	0.113772	3090824543	1177639407	1253887612	3943254546	4272121914	760129755	3090826838
0.204333	0.91	1.21375	0.02093	5.582226	1.2175	0.268957	0.99875	0.113772	3458669494	1186759338	1263674476	4035689766	246201523	1285699849	3458671898
0.204472	0.91125	1.21375	0.020953	5.599208	1.2175	0.273825	0.99875	0.113772	3826595716	1195883417	1273469334	4128223115	515575587	1811903344	3826598303
0.204291	0.91125	1.21375	0.021864	5.585865	1.2175	0.268957	0.99875	0.11477	4194606016	1204969950	1283222163	4220427603	783853281	2335927758	4194608333
0.20453	0.91125	1.21375	0.030063	5.59193	1.2175	0.270174	0.99875	0.113772	267641981	1214063190	1292981189	17647369	1052149820	2860028445	267644637
0.204584	0.91125	1.21375	0.030063	5.59193	1.2175	0.270174	0.99875	0.113772	636043925	1223165048	1302752270	110040358	1320948845	3385051476	636046512
0.204424	0.91	1.21375	0.03458	5.576161	1.2175	0.272608	0.99875	0.113772	1003887605	1232241087	1312492345	202066176	1588682528	3908007119	1003890222
0.204455	0.91	1.21375	0.03458	5.590717	1.2175	0.271391	0.99875	0.11477	1371790591	1241120300	1321004694	283724918	1826043135	76467762	1371793547
0.204473	0.91125	1.2125	0.022775	5.294016	1.21875	0.232638	0.99875	0.113772	1739768194	1250412356	1329466563	365451188	2063575672	540214306	1739771146
0.20442	0.91125	1.21125	0.020953	5.063191	1.21875	0.253344	0.99875	0.113772	2107865820	1259574679	1339079130	456451583	2328421829	1057533378	2107868387
0.204418	0.91125	1.21125	0.020953	5.063191	1.21875	0.253344	0.99875	0.113772	2475678147	1268743316	1348912638	549368271	2598929953	1585984160	2475680717
0.204396	0.91	1.21375	0.02093	5.527641	1.2175	0.270174	0.99875	0.113772	2843639285	1277891545	1358735871	642072187	2868736425	2113036027	2843641847
0.204154	0.91125	1.21375	0.020953	5.578587	1.2175	0.271391	0.99875	0.113772	3211572820	1286949967	1368443451	733877238	3135945647	2635002115	3211575352
0.204431	0.91125	1.21375	0.021864	5.571309	1.2175	0.268957	0.99875	0.113772	3579225538	1296086423	1378255235	826532321	3405639321	3161808680	3579228632
0.204414	0.91125	1.21375	0.021864	5.571309	1.2175	0.268957	0.99875	0.113772	3947394260	1305202671	1388041349	918990450	3674705235	3687388812	3947396902
0.204389	0.91	1.21375	0.0273	5.607699	1.2175	0.272608	0.99875	0.113772	20076467	1314301724	1397813192	1011296087	3943239211	4211928209	20079180
0.204489	0.91	1.21375	0.03458	5.578587	1.2175	0.271391	0.99875	0.113772	388137974	1323399926	1407577916	1103556091	4211605472	441159280	388140621
0.204452	0.91	1.21375	0.03458	5.589504	1.2175	0.268957	0.99875	0.113772	756142094	1332553731	1417406752	1196278329	186557916	968441832	756144559
0.20441	0.91	1.21375	0.02548	5.576161	1.2175	0.268957	0.99875	0.113772	1123987334	1341717115	1427248812	1289148346	456944571	1496639789	1123989711
0.204369	0.91	1.21375	0.02548	5.576161	1.2175	0.268957	0.99875	0.113772	1491882074	1350868130	1437069586	1381908828	727007474	2024209139	1491884826
0.204317	0.91	1.21375	0.02184	5.593143	1.2175	0.272608	0.99875	0.113772	1859934874	1360048625	1446938388	1475004070	998027319	2553633541	1859937583
0.204433	0.91	1.21375	0.02093	5.602847	1.2175	0.270174	0.99875	0.11477	2227730051	1369216919	1456789634	1567887562	1268342368	3081680179	2227732241
0.204504	0.91	1.21375	0.02275	5.574948	1.2175	0.270174	0.99875	0.113772	2595905164	1378398681	1466660664	1661015064	1539412963	3611193550	2595907820
0.204544	0.91	1.21375	0.02275	5.574948	1.2175	0.270174	0.99875	0.113772	2964148819	1387564730	1476514237	1753959178	1809971683	4139738457	2964151516
0.204384	0.91	1.215	0.02184	5.61573	1.2175	0.270174	0.99875	0.113772	3331852044	1396716857	1486347474	1846769821	2080169170	372597794	3331854674
0.204447	0.91	1.21375	0.02366	5.597995	1.2175	0.270174	0.99875	0.11477	3699802930	1405842658	1496145781	1939281622	2349329651	898367717	3699805641
0.204411	0.91	1.21375	0.03458	5.568883	1.2175	0.272608	0.99875	0.11477	4067797989	1414970194	1505957838	2031863951	2618661423	1424448408	4067800496
0.204404	0.91	1.21375	0.03458	5.568883	1.2175	0.272608	0.99875	0.11477	140857510	1424105031	1515753451	2124471394	2888197852	1950972436	140860180
0.204439	0.91	1.21375	0.03458	5.597995	1.2175	0.268957	0.99875	0.11477	508765748	1433247569	1525575505	2217204357	3157995257	2477970534	508768122
0.204256	0.91	1.21375	0.02912	5.584652	1.2175	0.271391	0.99875	0.11477	876662155	1442406579	1535421940	2310100605	3428412825	3006220527	876664340
0.204359	0.91	1.21375	0.02912	5.602847	1.2175	0.273825	0.99875	0.11477	1244319090	1451567168	1545267688	2402975351	3698800334	3534421352	1244321695
0.204404	0.91	1.21375	0.02184	5.582226	1.2175	0.26774	0.99875	0.11477	1612414128	1460721336	1555102597	2495812653	3968992887	4062223912	1612416734
0.204449	0.91	1.21375	0.02184	5.582226	1.2175	0.26774	0.99875	0.11477	1980214434	1469836641	1564886379	2588224523	4238009553	292772880	1980217134
0.204454	0.91	1.21375	0.02275	5.59193	1.2175	0.271391	0.99875	0.11477	2348190318	1478912604	1574619782	2680289147	210938733	816055953	2348192640
0.204468	0.91	1.21375	0.02184	5.610125	1.2175	0.271391	0.99875	0.11477	2716275568	1488051783	1584434097	2772929666	480642556	1342926918	2716278184
0.204385	0.91	1.21375	0.02275	5.583439	1.2175	0.271391	0.99875	0.11477	3084125186	1497194349	1594262770	2865620067	750364633	1869785310	3084127700
0.204417	0.91	1.21375	0.02275	5.583439	1.2175	0.271391	0.99875	0.11477	3452064036	1506294385	1604014074	2957873047	1018769635	2394079766	3452066555
0.204284	0.91	1.21375	0.02184	5.588291	1.2175	0.271391	0.99875	0.113772	3820087603	1515414800	1613808877	3050369166	1287827745	2919615601	3820090240
0.204481	0.91	1.21375	0.03367	5.594356	1.2175	0.270174	0.99875	0.11477	4187940909	1524533114	1623605446	3142830798	1556856276	3445137069	4187943425
0.204542	0.91	1.21375	0.03458	5.594356	1.2175	0.275042	0.99875	0.11477	261234840	1533693867	1633451840	3235746918	1827192601	3973197030	261237984
0.204595	0.91	1.21375	0.03276	5.576161	1.2175	0.270174	0.99875	0.11477	629668512	1542849776	1643283558	3328520525	2097188966	205668469	629670859
0.204341	0.91	1.21375	0.03276	5.576161	1.2175	0.270174	0.99875	0.11477	997241867	1552009652	1653133637	3421430743	2367618334	733946329	997244632
0.204417	0.91	1.21375	0.02184	5.593143	1.2175	0.268957	0.99875	0.11477	1365154325	1561171456	1662978072	3514328382	2638010030	1262141841	1365156934
0.204378	0.91	1.21375	0.02184	5.596782	1.2175	0.272608	0.99875	0.11477	1732994024	1570343916	1672840592	3607330424	2908716477	1790957057	1732996399
0.204336	0.91	1.21375	0.02184	5.601634	1.2175	0.270174	0.99875	0.11477	2100892651	1579503331	1682675618	3700180801	3179015561	2318977415	2100895067
0.20449	0.91	1.21375	0.02184	5.601634	1.2175	0.270174	0.99875	0.11477	2468774317	1588671901	1692523823	3793118323	3449523100	2847403732	2468776859
0.204254	0.91	1.21375	0.02184	5.593143	1.21625	0.271168	0.99875	0.11477	2836733267	1597830723	1702367249	3885995865	3719878392	3375541500	2836735798
0.204476	0.91	1.21375	0.02093	5.572522	1.2175	0.268957	0.99875	0.11477	3204691587	1606955598	1712171627	3978551928	3989218744	3901686911	3204694204
0.204534	0.91	1.21375	0.03003	5.608912	1.2175	0.272608	0.99875	0.11477	3572853349	1616093683	1721990300	4071250677	4258934664	133568148	3572855864
0.204538	0.91	1.21375	0.03458	5.583439	1.2175	0.270174	0.99875	0.11477	3941097105	1625225855	1731802732	4163868443	233448701	659967334	3941099803
0.20442	0.91	1.21375	0.03458	5.583439	1.2175	0.270174	0.99875	0.11477	4169589148	1628778600	1735830926	4209560813	341649955	874540592	4169593255
0.204837	0.91	1.21375	0.03549	5.582226	1.21625	0.179968	0.99875	0.11477	241829360	1631390958	1745299705	4251737537	415868750	1039480565	241832299
0.205046	0.91125	1.20375	0.021864	3.220431	1.22	0.22448	0.99875	0.112774	610848854	1634209321	1756487120	4282281973	489292977	1203760839	610851469
0.204938	0.91125	1.21125	0.021864	5.053503	1.2225	0.339716	0.99875	0.112774	979733067	1637137379	1767863468	18388608	564021597	1370980075	979735795
0.204868	0.91125	1.21125	0.021864	5.053503	1.2225	0.339716	0.99875	0.112774	1348547300	1640040885	1779310067	49673957	639244994	1539303425	1348550641
0.2049	0.91	1.21375	0.02184	5.451222	1.2225	0.359268	0.99875	0.112774	1717408784	1642947093	1790886863	81377002	715501523	1709945541	1717412110
0.204984	0.91	1.21375	0.02275	5.465778	1.2225	0.359268	0.99875	0.112774	2086422812	1645570198	1803390670	117606944	803618902	1905940302	2086426154
0.204965	0.91	1.21375	0.02275	5.496103	1.2225	0.355602	0.99875	0.113772	2455365952	1648142204	1813064572	158776622	877186918	2070516290	2455369546
0.204999	0.91	1.21375	0.0273	5.496103	1.2225	0.355602	0.99875	0.113772	2824208641	1651040280	1824399516	189795601	951608230	2236988864	2824212174
0.205066	0.91	1.21375	0.0273	5.437879	1.2225	0.359268	0.99875	0.113772	3193196897	1653945233	1835718500	220753858	1025970731	2403359071	3193199983
0.205035	0.91	1.21375	0.03458	5.451222	1.2225	0.359268	0.99875	0.113772	3562450142	1656848504	1847111520	251945538	1100852182	2570882541	3562452539
0.205057	0.91	1.21375	0.03458	5.450009	1.2225	0.359268	0.99875	0.113772	3931462179	1659745377	1858667402	283648976	1177048234	2741367826	3931465114
0.204833	0.91	1.21375	0.0273	5.442731	1.2225	0.359268	0.99875	0.113772	5438285	1662294061	1870782553	322031466	1264746812	2936420599	5440798
0.204981	0.91	1.21375	0.0273	5.442731	1.2225	0.359268	0.99875	0.113772	374164006	1664958696	1880817899	360948986	1338508934	3101439288	374166858
0.204935	0.91	1.21375	0.02275	5.459713	1.2225	0.359268	0.99875	0.113772	743088450	1667868865	1892190433	392016278	1413162693	3268465771	743091320
0.204929	0.91	1.21375	0.02275	5.456074	1.2225	0.355602	0.99875	0.113772	1111945161	1670797139	1903556851	423092411	1487816853	3435495082	1111947778
0.204983	0.91	1.21375	0.02275	5.436666	1.2225	0.359268	0.99875	0.113772	1480929627	1673708323	1914999994	454347928	1562983625	3603693049	1480933048
0.205201	0.91	1.21375	0.02275	5.436666	1.2225	0.359268	0.99875	0.113772	1850258401	1676591195	1926639323	486279052	1639795680	3775574625	1850261319
0.204836	0.91	1.21375	0.02184	5.463352	1.2225	0.359268	0.99875	0.113772	2219201969	1679041948	1938170741	527672405	1726724811	3968870774	2219204818
0.204975	0.91	1.21375	0.02275	5.490038	1.2225	0.358046	0.99875	0.113772	2587899203	1681781485	1948700644	563409199	1800671308	4134272067	2587902078
0.204968	0.91	1.21375	0.03549	5.423323	1.2225	0.356824	0.99875	0.113772	2957057365	1684717926	1960015458	594337541	1874908557	5373191	2957061072
0.204948	0.91	1.21375	0.03549	5.443944	1.2225	0.359268	0.99875	0.113772	3325888081	1687609179	1971358920	625401286	1949475291	172187098	3325890458
0.205005	0.91	1.21375	0.03549	5.443944	1.2225	0.359268	0.99875	0.113772	3694819024	1690533774	1982737179	656553378	2024222348	339392522	3694822013
0.204932	0.91	1.21375	0.03549	5.457287	1.2225	0.36049	0.99875	0.113772	4063729407	1693412857	1994395291	688515628	2101131374	511499731	4063732802
0.204947	0.91	1.21375	0.03094	5.460926	1.2225	0.36049	0.99875	0.113772	137760135	1695789311	2005574824	731758798	2187634383	703837939	137763385
0.204909	0.91	1.21375	0.02275	5.476695	1.2225	0.358046	0.99875	0.113772	506483918	1698618724	2016494274	765673091	2262221033	870721554	506486736
0.204997	0.91	1.21375	0.02275	5.476695	1.2225	0.358046	0.99875	0.113772	875341245	1701543773	2027865383	796729948	2336803214	1037573920	875345106
0.204912	0.91	1.21375	0.02184	5.471843	1.2225	0.359268	0.99875	0.113772	1244331320	1704468218	2039249676	827853308	2411624441	1204990088	1244333891
0.205017	0.91	1.21375	0.02275	5.464565	1.2225	0.359268	0.99875	0.113772	1613275440	1707378445	2050699363	859137008	2486861667	1373351492	1613278814
0.205007	0.91	1.21375	0.02184	5.464565	1.2225	0.36049	0.99875	0.113772	1982210022	1710272066	2062336511	891056195	2563675378	1545252030	1982212672
0.20495	0.91	1.21375	0.02275	5.481547	1.2225	0.359268	0.99875	0.113772	2351261795	1712550172	2073024784	936940932	2649566711	1736218622	2351264867
0.204986	0.91	1.21375	0.02275	5.481547	1.2225	0.359268	0.99875	0.113772	2720349593	1715463836	2084332870	967965697	2724010425	1902739738	2720353046
0.204995	0.91	1.21375	0.03276	5.490038	1.2225	0.359268	0.99875	0.113772	3089246640	1718372378	2095669384	998952250	2798403113	2069162892	3089249651
0.204957	0.91	1.21375	0.0364	5.4585	1.2225	0.36049	0.99875	0.113772	3458229985	1721287169	2107002608	1029969145	2872887275	2235799380	3458232919
0.204952	0.91	1.21375	0.03367	5.471843	1.2225	0.36049	0.9975	0.113658	3827059140	1724195822	2118460489	1061282574	2948168592	2404253336	3827062261
0.205077	0.91	1.21375	0.03367	5.471843	1.2225	0.36049	0.9975	0.113658	4196142999	1727085827	2130112548	1093243627	3025109666	2576442768	4196146016
0.204893	0.91	1.21375	0.02275	5.481547	1.2225	0.36049	0.99875	0.113772	270086494	1729367662	2140813281	1139129527	3111099633	2767639390	270089455
0.20496	0.91	1.21375	0.02275	5.487612	1.2225	0.358046	0.99875	0.113772	638941859	1732301415	2152150864	1170209534	3185712088	2934543764	638945105
0.204919	0.91	1.21375	0.02275	5.488825	1.2225	0.356824	0.99875	0.113772	1007840219	1735210935	2163530584	1201287766	3260388672	3101623876	1007842866
0.205052	0.91	1.21375	0.02184	5.480334	1.2225	0.359268	0.9975	0.113658	1376844329	1738145739	2174900840	1232382829	3335117845	3268824081	1376848050
0.204814	0.91	1.21375	0.02184	5.480334	1.2225	0.359268	0.9975	0.113658	1745788664	1741043271	2186362486	1263673431	3410412635	3437331313	1745791926
0.204964	0.91	1.21375	0.02275	5.469417	1.2225	0.359268	0.99875	0.113772	2114552559	1743917251	2197986428	1295615676	3487231843	3609219708	2114555526
0.205072	0.91	1.21375	0.03003	5.475482	1.2225	0.359268	0.99875	0.113772	2483695394	1746194027	2208637797	1341381227	3572867431	3799615383	2483698265
0.204966	0.91	1.21375	0.03549	5.477908	1.2225	0.355602	0.99875	0.113772	2852591889	1749104000	2219953315	1372382512	3647294730	3966111858	2852594953
0.205006	0.91	1.21375	0.03549	5.477908	1.2225	0.355602	0.99875	0.113772	3221551749	1752045400	2231300477	1403381070	3721756342	4132702693	3221555011
0.204993	0.91	1.21375	0.03549	5.442731	1.2225	0.36049	0.99875	0.113772	3590523324	1754950757	2242693649	1434530315	3796627264	5262687	3590526739
0.205052	0.91	1.21375	0.02457	5.464565	1.2225	0.358046	0.9975	0.113658	3959652369	1757882569	2254156321	1465847625	3871932765	173775638	3959655484
0.204939	0.91	1.21375	0.02184	5.459713	1.2225	0.359268	0.9975	0.113658	33565933	1760745924	2265874365	1498028898	3949371266	347071111	33569332
0.204908	0.91125	1.21375	0.022775	5.456074	1.2225	0.355602	0.9975	0.113658	402489170	1763050319	2276518402	1543710371	4034940820	537343487	402492173
0.205016	0.91125	1.21375	0.022775	5.456074	1.2225	0.355602	0.9975	0.113658	771439803	1765972030	2287897607	1574855554	4109772912	704767651	771443095
0.204979	0.91125	1.21375	0.021864	5.460926	1.2225	0.355602	0.9975	0.113658	1140279868	1768902152	2299254676	1605859114	4184302719	871529418	1140282668
0.204931	0.91125	1.21375	0.022775	5.459713	1.2225	0.358046	0.9975	0.113658	1509333792	1771826933	2310660644	1637031797	4259264875	1039268508	1509337104
0.204913	0.91125	1.21375	0.026419	5.442731	1.2225	0.359268	0.9975	0.113658	1878159948	1774724611	2322058246	1668223565	39199212	1206843800	1878163498
0.205016	0.91125	1.21375	0.026419	5.442731	1.2225	0.359268	0.9975	0.113658	2247186148	1777590849	2333753994	1700367909	116498371	1379810914	2247189040
0.20496	0.91	1.21375	0.03549	5.456074	1.2225	0.359268	0.9975	0.113658	2616086055	1779886125	2344307302	1745863196	201443770	1568645074	2616089065
0.205016	0.91	1.21375	0.03549	5.473056	1.2225	0.361712	0.9975	0.114655	2985127127	1782807440	2355641858	1776908967	275982223	1735392909	2985130624
0.205057	0.91	1.21375	0.0273	5.441518	1.2225	0.356824	0.9975	0.114655	3354203023	1785736380	2367034331	1807991533	350707032	1902597097	3354205841
0.205003	0.91	1.21375	0.02275	5.469417	1.2225	0.36049	0.9975	0.113658	3723202944	1788650445	2378437097	1839158041	425652779	2070300720	3723206049
0.204892	0.91	1.21375	0.02275	5.469417	1.2225	0.36049	0.9975	0.113658	4092037718	1791558167	2389914218	1870515186	501083274	2239106172	4092041213
0.204954	0.91125	1.21375	0.022775	5.471843	1.2225	0.359268	0.9975	0.114655	165984002	1794433139	2401645517	1902785013	578687634	2412753114	165986269
0.204985	0.91	1.21375	0.02275	5.469417	1.2225	0.36049	0.9975	0.113658	534988684	1796742588	2412217244	1948212370	663713254	2601784534	534992168
0.204912	0.91	1.21375	0.02275	5.481547	1.2225	0.355602	0.9975	0.113658	903877157	1799671366	2423569142	1979254299	738318583	2768705938	903880003
0.204931	0.91	1.21375	0.02275	5.481547	1.2225	0.355602	0.9975	0.113658	1272723807	1802583986	2434963073	2010358508	813077277	2935974229	1272726943
0.204978	0.91	1.21375	0.02366	5.477908	1.2225	0.359268	0.99875	0.11477	1641620972	1805508289	2446293999	2041358657	887559098	3102616020	1641623644
0.20561	0.91	1.21375	0.02366	5.465778	1.2225	0.36049	0.9975	0.114655	2011777549	1808404357	2457772210	2072758298	963003376	3271422814	2011780604
0.204966	0.91	1.21375	0.03549	5.475482	1.2225	0.359268	0.9975	0.114655	2380652072	1811281571	2469482038	2104993591	1040472159	3444749348	2380655013
0.204974	0.91	1.21375	0.03549	5.483973	1.2225	0.36049	0.9975	0.113658	2749670086	1813565469	2480028807	2150391449	1125306729	3633331542	2749673114
0.205055	0.91	1.21375	0.03549	5.483973	1.2225	0.36049	0.9975	0.113658	3118666152	1816501963	2491392907	2181489132	1200018746	3800484572	3118668934
0.204981	0.91	1.21375	0.03003	5.480334	1.2225	0.356824	0.9975	0.114655	3487748457	1819423660	2502777287	2212586353	1274734874	3967656221	3487751437
0.205001	0.91	1.21375	0.02275	5.480334	1.2225	0.359268	0.9975	0.114655	3856677107	1822334580	2514167021	2243753012	1349637636	4135248088	3856679938
0.204975	0.91	1.21375	0.02184	5.481547	1.2225	0.358046	0.9975	0.114655	4225603240	1825242961	2525656751	2275160006	1425182162	9334832	4225606741
0.204983	0.91	1.21375	0.02184	5.481547	1.2225	0.358046	0.9975	0.114655	299652743	1828097848	2537481249	2307670637	1503441509	184466703	299655812
0.204883	0.91	1.21375	0.02275	5.483973	1.2225	0.359268	0.9975	0.114655	668456546	1830421462	2547965461	2352919383	1587784303	371958312	668459543
0.204931	0.91	1.21375	0.02275	5.488825	1.2225	0.356824	0.9975	0.114655	1037329901	1833334752	2559303687	2383981658	1662316371	538677872	1037332933
0.205016	0.91	1.21375	0.02184	5.481547	1.2225	0.358046	0.9975	0.114655	1406413851	1836263750	2570624774	2414945382	1736664276	705009135	1406416911
0.204946	0.91	1.21375	0.03367	5.463352	1.2225	0.359268	0.9975	0.114655	1775269246	1839164345	2581973798	2446009966	1811254904	871887067	1775272118
0.204879	0.91	1.21375	0.03367	5.463352	1.2225	0.359268	0.9975	0.114655	2144223301	1842069129	2593376838	2477219460	1886216009	1039602003	2144226742
0.204962	0.91	1.21375	0.03549	5.450009	1.2225	0.359268	0.9975	0.114655	2513040821	1844914156	2605234710	2509851249	1964735158	1215312901	2513043792
0.205044	0.91	1.21375	0.03276	5.464565	1.2225	0.358046	0.9975	0.114655	2882016181	1847242827	2615673158	2554949680	2048744303	1402066038	2882018802
0.204948	0.91	1.21375	0.02275	5.485186	1.2225	0.356824	0.9975	0.114655	3250923506	1850165326	2627046668	2586050156	2123488944	1569300280	3250926668
0.204978	0.91	1.21375	0.02275	5.485186	1.2225	0.356824	0.9975	0.114655	3619887026	1853091935	2638414484	2617104704	2198136208	1736330006	3619889837
0.20495	0.91	1.21375	0.02275	5.451222	1.2225	0.358046	0.9975	0.114655	3988873026	1856008078	2649822945	2648281907	2273103208	1904080946	3988876558
0.205061	0.91	1.21375	0.02275	5.465778	1.2225	0.359268	0.99875	0.11477	62951935	1858920839	2661302654	2679693211	2348595021	2072996918	62954682
0.204949	0.91	1.21375	0.02184	5.466991	1.2225	0.36049	0.99875	0.11477	431890220	1861771356	2673173939	2712385481	2427262895	2249041153	431892866
0.204932	0.91	1.21375	0.02275	5.460926	1.2225	0.356824	0.9975	0.114655	800763828	1864108482	2683558036	2757335424	2510861821	2434866172	800767192
0.205078	0.91	1.21375	0.02275	5.460926	1.2225	0.356824	0.9975	0.114655	1169886970	1867017331	2694851749	2788284968	2585087343	2600890366	1169889956
0.204981	0.91	1.21375	0.03094	5.450009	1.2225	0.361712	0.9975	0.114655	1538883225	1869935164	2706185934	2819276048	2659473109	2767297607	1538886342
0.204945	0.91	1.21375	0.03549	5.454861	1.2225	0.361712	0.9975	0.114655	1907803785	1872850464	2717520095	2850303047	2733982496	2933990897	1907806932
0.205007	0.91	1.21375	0.03549	5.435453	1.2225	0.361712	0.9975	0.114655	2276742900	1875748391	2729000750	2881710201	2809476678	3102918525	2276746008
0.204939	0.91	1.21375	0.03549	5.435453	1.2225	0.361712	0.9975	0.114655	2645791400	1878610519	2740918729	2914521753	2888468053	3279695060	2645794969
0.204954	0.91	1.21375	0.02275	5.465778	1.2225	0.36049	0.9975	0.114655	3014556440	1880909154	2751315570	2959497538	2972146619	3465704014	3014559385
0.205017	0.91	1.21375	0.02275	5.474269	1.2225	0.36049	0.99875	0.11477	3383465505	1883850142	2762649368	2990506548	3046622100	3632320560	3383468147
0.205016	0.91	1.21375	0.02275	5.464565	1.2225	0.358046	0.99875	0.11477	3752633665	1886757730	2774063587	3021658935	3121529037	3799939193	3752637172
0.204924	0.91	1.21375	0.02184	5.475482	1.2225	0.359268	0.99875	0.11477	4121511150	1889687762	2785426610	3052757329	3196233564	3967076131	4121513982
0.204953	0.91	1.21375	0.02184	5.475482	1.2225	0.359268	0.99875	0.11477	195487581	1892581252	2796936756	3084222671	3271945470	4136509889	195491093
0.204977	0.91	1.21375	0.02275	5.483973	1.2225	0.36049	0.99875	0.11477	564441772	1895420397	2808891517	3117160312	3351251083	19025362	564445594
0.204998	0.91	1.21375	0.02821	5.500955	1.2225	0.36049	0.99875	0.11477	933492449	1897762375	2819180502	3161804650	3434114748	203201063	933494881
0.204992	0.91	1.21375	0.03549	5.476695	1.2225	0.356824	0.99875	0.11477	1302352729	1900672024	2830494281	3192769936	3508439767	369469688	1302355916
0.204909	0.91	1.21375	0.03549	5.476695	1.2225	0.356824	0.99875	0.11477	1671320369	1903602667	2841826292	3223742747	3582809925	535844459	1671323405
0.204975	0.91	1.21375	0.03549	5.479121	1.2225	0.36049	0.99875	0.11477	2040216399	1906509755	2853215980	3254921647	3657692820	703373469	2040219346
0.204996	0.91	1.21375	0.02639	5.479121	1.2225	0.359268	0.99875	0.11477	2409294869	1909419842	2864713671	3286380975	3733321152	872590484	2409297565
0.204943	0.91	1.21375	0.02275	5.492464	1.2225	0.359268	0.99875	0.11477	2778092139	1912240220	2876740077	3319576547	3813189382	1051310555	2778096685
0.204828	0.91	1.21375	0.02275	5.503381	1.2225	0.358046	0.99875	0.11477	3146949917	1914593041	2886948781	3364002115	3895468899	1234160625	3146952931
0.204992	0.91	1.21375	0.02275	5.503381	1.2225	0.358046	0.99875	0.11477	3515961204	1917513077	2898324251	3395125816	3970202504	1401354366	3515963631
0.204862	0.91	1.21375	0.02275	5.477908	1.2225	0.356824	0.99875	0.11477	3884822078	1920435836	2909677152	3426173809	4044778830	1568201158	3884824850
0.204902	0.91	1.21375	0.02275	5.481547	1.2225	0.359268	0.99875	0.11477	4253573259	1923348996	2921103662	3457403504	4119861552	1736204821	4253575660
0.204928	0.91	1.21375	0.02275	5.481547	1.2225	0.358046	0.9975	0.114655	327425433	1926254046	2932572080	3488806410	4195310838	1905013259	327427830
0.205021	0.91	1.21375	0.02275	5.481547	1.2225	0.358046	0.9975	0.114655	696540260	1929058534	2944606781	3522074422	4275274233	2083926799	696543314
0.204977	0.91	1.21375	0.02548	5.481547	1.2225	0.36049	0.9975	0.114655	1065430003	1931429774	2954721076	3566250547	61898849	2265215988	1065433424
0.204911	0.91	1.21375	0.03549	5.459713	1.2225	0.355602	0.99875	0.11477	1434318423	1934330659	2966033611	3597217834	136213757	2431458178	1434321340
0.20506	0.91	1.21375	0.03549	5.459713	1.2225	0.359268	0.99875	0.11477	1803356528	1937258032	2977393926	3628296968	210865592	2598467387	1803360225
0.204905	0.91	1.21375	0.02912	5.459713	1.2225	0.359268	0.99875	0.11477	2172235388	1940160199	2988787561	3659472926	285753903	2766014136	2172238465
0.205029	0.91	1.21375	0.02912	5.464565	1.2225	0.359268	0.99875	0.11477	2541209017	1943067570	3000284837	3690962452	361426589	2935322607	2541211795
0.204837	0.91125	1.21375	0.022775	5.457287	1.2225	0.359268	0.9975	0.114655	2910010278	1945879198	3012397293	3724432576	441973225	3115567930	2910012655
0.205003	0.91	1.21375	0.02275	5.474269	1.2225	0.358046	0.99875	0.11477	3278955723	1948226819	3022548083	3768628424	523715632	3297218819	3278958665
0.204844	0.91	1.21375	0.02275	5.479121	1.2225	0.358046	0.99875	0.11477	3647706595	1951161945	3033892000	3799669773	598254931	3463971853	3647708815
0.205107	0.91	1.21375	0.02275	5.479121	1.2225	0.358046	0.99875	0.11477	4016873093	1954066550	3045285099	3830821512	673103060	3631433503	4016876139
0.205017	0.91	1.21375	0.02275	5.450009	1.2225	0.36049	0.9975	0.114655	91099072	1957002347	3056668813	3861939489	747887336	3798762618	91101714
0.205012	0.91	1.21375	0.02184	5.465778	1.2225	0.36049	0.9975	0.114655	460058992	1959874334	3068176014	3893444421	823621334	3968222301	460061309
0.204965	0.91	1.21375	0.03549	5.460926	1.2225	0.361712	0.9975	0.114655	828905253	1962672868	3080324102	3927046952	904482066	4149170134	828908367
0.205152	0.91	1.21375	0.03549	5.460926	1.2225	0.361712	0.9975	0.114655	1198207372	1965056700	3090347667	3970881307	985285900	33745470	1198209854
0.205108	0.91	1.21375	0.0364	5.462139	1.2225	0.358046	0.99875	0.11477	1567313192	1967983606	3101695855	4001936887	1059834774	200509065	1567316479
0.204913	0.91	1.21375	0.03276	5.463352	1.2225	0.36049	0.99875	0.11477	1936250747	1970913092	3113082005	4033060697	1134598596	367784489	1936254039
0.204981	0.91125	1.21375	0.021864	5.468204	1.2225	0.361712	0.99875	0.11477	2305195112	1973829440	3124473393	4064224813	1209469370	535302359	2305197839
0.204927	0.91125	1.21375	0.022775	5.4585	1.2225	0.36049	0.99875	0.11477	2674074800	1976735547	3136016043	4095827647	1285441308	705292072	2674077829
0.20499	0.91125	1.21375	0.022775	5.4585	1.2225	0.36049	0.99875	0.11477	3043049007	1979507020	3148331569	4129934381	1367550648	889039649	3043052028
0.204887	0.91125	1.21375	0.021864	5.477908	1.2225	0.359268	0.99875	0.11477	3411870062	1981913187	3158217516	4173367584	1447376473	1066376256	3411873228
0.205159	0.91125	1.21375	0.022775	5.485186	1.2225	0.356824	0.99875	0.11477	3781042611	1984843725	3169582752	4204465067	1522005302	1233316420	3781046481
0.204923	0.91	1.21375	0.02275	5.477908	1.2225	0.36049	0.99875	0.11477	4150111778	1987758430	3180937619	4235505780	1596563093	1400124444	4150114369
0.205007	0.91	1.21375	0.02275	5.477908	1.2225	0.36049	0.99875	0.11477	224018566	1990666721	3192304252	4266625422	1671274015	1567265950	224022412
0.204923	0.91	1.21375	0.03185	5.475482	1.2225	0.36049	0.99875	0.11477	593033826	1993558833	3203790285	3133491	1746886388	1736434848	593036487
0.205065	0.91	1.21375	0.03458	5.479121	1.2225	0.36049	0.9975	0.114655	962110706	1996305322	3216174642	37492927	1829543147	1921393932	962113268
0.205089	0.91	1.21375	0.03549	5.499742	1.2225	0.359268	0.9975	0.114655	1331106531	1998745116	3225956878	80596547	1908562441	2096929809	1331109315
0.204875	0.91	1.21375	0.02184	5.471843	1.2225	0.356824	0.9975	0.114655	1699968301	2001649504	3237348471	111732489	1983374105	2264307738	1699970895
0.204988	0.91	1.21375	0.02184	5.471843	1.2225	0.356824	0.9975	0.114655	2068867526	2004587054	3248720574	142815948	2058063301	2431417606	2068870802
0.204944	0.91	1.21375	0.02275	5.488825	1.2225	0.359268	0.9975	0.114655	2437902221	2007484204	3260163001	174057316	2133237955	2599651890	2437905516
0.205159	0.91	1.21375	0.02184	5.490038	1.2225	0.359268	0.99875	0.115768	2807057401	2010391917	3271720043	205714956	2209344212	2769942219	2807060612
0.205111	0.91	1.21375	0.02275	5.492464	1.2225	0.359268	0.99875	0.115768	3176337506	2013112779	3284277653	240591588	2293324345	2957884220	3176341882
0.205126	0.91	1.21375	0.02275	5.492464	1.2225	0.359268	0.99875	0.115768	3545153026	2015441826	3293164495	282577239	2366134101	3119531981	3545156221
0.205079	0.91	1.2125	0.02275	5.2419	1.2225	0.359268	0.99875	0.11477	3914683311	2018353665	3304388452	313298822	2439853010	3284426132	3914686447
0.204882	0.91	1.21375	0.02912	5.3372	1.2225	0.306722	0.99875	0.115768	4283572621	2021264815	3315721187	344283629	2514249613	3450864023	4283576077
0.204931	0.91	1.21375	0.03458	5.465778	1.2225	0.36049	0.99875	0.11477	357359340	2024165366	3327066808	375339278	2588834089	3617728051	357362343
0.204762	0.91	1.21375	0.03549	5.474269	1.2225	0.359268	0.99875	0.11477	726114265	2027054910	3338535334	406748051	2664315734	3786615927	726117086
0.204905	0.91	1.21375	0.03549	5.474269	1.2225	0.359268	0.99875	0.11477	1094994370	2029510161	3351286984	442114797	2749434863	3977074449	1094998454
0.204919	0.91	1.2125	0.02639	5.245536	1.2225	0.358046	0.99875	0.11477	1463783265	2031829131	3360853106	484574113	2826912583	4149186222	1463785779
0.205055	0.91	1.2125	0.02184	5.057676	1.22125	0.269841	0.99875	0.11477	1832726820	2034721946	3372195270	515590167	2901390739	20829321	1832729497
0.205292	0.91125	1.21375	0.022775	5.457287	1.22125	0.328449	0.99875	0.11477	2202202540	2037634127	3383585833	546742644	2976228811	188265775	2202205562
0.204879	0.91125	1.21375	0.022775	5.457287	1.22125	0.328449	0.99875	0.11477	2571060417	2040542419	3395017361	577969506	3051341812	356353440	2571063240
0.204851	0.91125	1.21375	0.022775	5.464565	1.2225	0.356824	0.99875	0.11477	2939773985	2043416958	3406559485	609581087	3127365414	526469197	2939777886
0.204939	0.91125	1.21375	0.022775	5.453648	1.2225	0.356824	0.9975	0.114655	3308740405	2046140149	3419202533	644708345	3211954646	715774115	3308743077
0.205358	0.91	1.21375	0.02275	5.453648	1.2225	0.358046	0.99875	0.11477	3678322265	2048591201	3428781765	687154270	3289421885	887842741	3678325791
0.204857	0.91	1.21375	0.02457	5.469417	1.2225	0.355602	0.99875	0.11477	4047189000	2051508877	3440097947	718116979	3363696438	1053977638	4047192377
0.20504	0.91	1.21375	0.02457	5.469417	1.2225	0.355602	0.99875	0.11477	121084719	2054407935	3451423138	749133711	3438136106	1220504427	121087371
0.204948	0.91	1.21375	0.03549	5.457287	1.2225	0.359268	0.99875	0.11477	490210365	2057310393	3462798131	780251300	3512873541	1387709667	490213356
0.204892	0.91	1.21375	0.03549	5.433027	1.2225	0.356824	0.9975	0.114655	858907662	2060203324	3474389445	811977001	3589204701	1558521423	858910943
0.205095	0.91	1.21375	0.02912	5.465778	1.2225	0.358046	0.9975	0.114655	1228100646	2062885685	3487199447	847650692	3675152084	1750877292	1228103374
0.204935	0.91	1.21375	0.02912	5.465778	1.2225	0.358046	0.9975	0.114655	1596949941	2065394698	3496587799	889416791	3751001990	1919344159	1596952725
0.205016	0.91	1.21375	0.02275	5.491251	1.2225	0.35438	0.99875	0.11477	1965979652	2068316102	3507948314	920452562	3825562450	2086157078	1965983186
0.205035	0.91	1.21375	0.02275	5.447583	1.2225	0.356824	0.99875	0.11477	2335035728	2071224869	3519345428	951612060	3900467418	2253761572	2335038320
0.205104	0.91	1.21375	0.02275	5.47063	1.2225	0.356824	0.99875	0.11477	2704151498	2074152238	3530769928	982824135	3975525321	2421719387	2704154000
0.204906	0.91	1.21375	0.02275	5.481547	1.2225	0.356824	0.9975	0.114655	3073043104	2077029724	3542358669	1014564964	4051885928	2592596382	3073045771
0.205127	0.91	1.21375	0.02275	5.481547	1.2225	0.356824	0.9975	0.114655	3442292564	2079681614	3555203802	1050428440	4139468068	2788091720	3442296210
0.204974	0.91	1.21375	0.02275	5.481547	1.2225	0.355602	0.99875	0.115768	3811245384	2082216209	3564463125	1091812574	4213015725	2951863678	3811248296
0.205013	0.91	1.21375	0.03458	5.483973	1.2225	0.353158	0.9975	0.114655	4180268681	2085126163	3575782530	1122788601	4287328161	3118084566	4180272236
0.206032	0.91	1.21375	0.03549	5.471843	1.2225	0.356824	0.9975	0.114655	256042168	2088052837	3587161527	1153915002	67127768	3285361467	256045184
0.204952	0.91	1.21375	0.03549	5.471843	1.2225	0.356824	0.9975	0.114655	624873623	2090945018	3598575000	1185104376	142123625	3453173152	624876995
0.20487	0.91	1.21375	0.03276	5.475482	1.2225	0.356824	0.9975	0.114655	993754213	2093862674	3610156614	1216826566	218416986	3623894093	993757424
0.204776	0.91	1.21375	0.02275	5.483973	1.2225	0.355602	0.99875	0.115768	1362500553	2096472552	3622730428	1252916346	306771986	3820419643	1362503779
0.204862	0.91	1.21375	0.02366	5.514298	1.2225	0.353158	0.9975	0.114655	1731255538	2099051105	3632346651	1294244565	380143959	3984556164	1731258585
0.204906	0.91	1.21375	0.02275	5.459713	1.2225	0.356824	0.9975	0.114655	2100030694	2101951055	3643734501	1325354849	454905151	4151825264	2100033913
0.204933	0.91	1.21375	0.02275	5.459713	1.2225	0.356824	0.9975	0.114655	2468824718	2104870356	3655095930	1356419455	529556388	23881624	2468827904
0.204994	0.91	1.21375	0.02275	5.48276	1.2225	0.355602	0.99875	0.11477	2837910178	2107788943	3666537531	1387684925	604709525	192040890	2837913635
0.204957	0.91	1.21375	0.02275	5.485186	1.2225	0.355602	0.99875	0.11477	3206806778	2110664717	3678105442	1419421934	681000093	362744846	3206809260
0.204832	0.91	1.21375	0.03185	5.474269	1.2225	0.356824	0.99875	0.11477	3575693388	2113200288	3690124816	1457982883	768331226	556946042	3575696789
0.204838	0.91	1.21375	0.03185	5.474269	1.2225	0.356824	0.99875	0.11477	3944221193	2115846973	3700141261	1496502247	841708194	721061873	3944224080
0.204983	0.91	1.21375	0.03549	5.48276	1.2225	0.356824	0.9975	0.115652	18183812	2118756326	3711456425	1527465983	915977048	887185515	18186900
0.204864	0.91	1.21375	0.03549	5.471843	1.2225	0.35438	0.9975	0.115652	386982750	2121677441	3722821383	1558563740	990644780	1054225687	386985879
0.205017	0.91	1.21375	0.02275	5.4585	1.2225	0.359268	0.99875	0.11477	755972097	2124582563	3734270613	1589862189	1065851805	1222492793	755975322
0.204955	0.91	1.21375	0.02275	5.476695	1.2225	0.356824	0.9975	0.114655	1124941092	2127472290	3745892082	1621706127	1142519793	1394076360	1124944478
0.204908	0.91	1.21375	0.02275	5.476695	1.2225	0.356824	0.9975	0.114655	1494050952	2129932511	3757525509	1662674942	1229650525	1587848494	1494054043
0.204997	0.91	1.21375	0.02275	5.50702	1.2225	0.356824	0.9975	0.115652	1862733392	2132668737	3768028753	1699262482	1303863252	1753889192	1862736279
0.204924	0.91125	1.21375	0.021864	5.431814	1.2225	0.35438	0.9975	0.115652	2231740427	2135602534	3779395866	1730310510	1378437948	1920729441	2231743414
0.205058	0.91	1.21375	0.02275	5.47063	1.2225	0.356824	0.99875	0.115768	2600764867	2138506637	3790802887	1761502819	1453393797	2088443616	2600767994
0.205362	0.91	1.21375	0.02275	5.47063	1.2225	0.356824	0.99875	0.115768	2970322232	2141433306	3802196508	1792682288	1528256610	2255920341	2970325074
0.20498	0.91	1.21375	0.02912	5.462139	1.2225	0.358046	0.9975	0.115652	3339377622	2144286046	3813798356	1824522819	1604792955	2427166467	3339380669
0.204823	0.91	1.21375	0.03549	5.448796	1.2225	0.356824	0.9975	0.114655	3708194032	2146647848	3824922695	1867916908	1691123606	2619105278	3708197360
0.20508	0.91	1.21375	0.03549	5.462139	1.2225	0.355602	0.9975	0.115652	4077203787	2149464624	3835834057	1901579274	1765474636	2785412893	4077207319
0.20487	0.91	1.21375	0.02639	5.466991	1.2225	0.35438	0.9975	0.115652	150944030	2152374372	3847190266	1932599663	1839966112	2952063226	150946648
0.205016	0.91	1.21375	0.02639	5.466991	1.2225	0.35438	0.9975	0.115652	520015461	2155297334	3858573592	1963748462	1914785515	3119448805	520018080
0.205132	0.91	1.21375	0.02275	5.451222	1.2225	0.358046	0.9975	0.115652	889192156	2158192606	3870012901	1995013904	1989975319	3287704661	889194855
0.204854	0.91	1.21375	0.02275	5.451222	1.2225	0.358046	0.9975	0.115652	1257958091	2161086270	3881641954	2026923043	2066713441	3459420788	1257961132
0.204986	0.91125	1.21375	0.022775	5.479121	1.2225	0.355602	0.99875	0.115768	1626916206	2163361413	3892367597	2072900526	2152875967	3650991052	1626919401
0.20492	0.91125	1.21375	0.022775	5.479121	1.2225	0.355602	0.99875	0.115768	1995881166	2166285570	3903721285	2104021851	2227608568	3818168329	1995884236
0.205211	0.91	1.21375	0.02275	5.505807	1.2225	0.353158	0.99875	0.115768	2364968441	2169193426	3915107669	2135132775	2302325008	3985321788	2364971751
0.204901	0.91	1.21375	0.02275	5.451222	1.2225	0.355602	0.99875	0.115768	2734143386	2172104228	3926450846	2166166492	2376864359	4152084626	2734146243
0.204936	0.91	1.21375	0.02548	5.483973	1.2225	0.355602	0.9975	0.115652	3102937951	2175001104	3937856136	2197360961	2451794783	24763943	3102941078
0.205099	0.91	1.21375	0.03458	5.471843	1.2225	0.356824	0.9975	0.115652	3472039106	2177871284	3949452174	2229221353	2528379292	196113810	3472042747
0.205142	0.91	1.21375	0.03458	5.471843	1.2225	0.356824	0.9975	0.115652	3841280711	2180146865	3960138744	2275102937	2614283807	387092772	3841283292
0.204971	0.91	1.21375	0.03549	5.485186	1.2225	0.355602	0.9975	0.115652	4210224481	2183072105	3971484671	2306191335	2688938474	554102513	4210227393
0.20495	0.91	1.21375	0.02912	5.491251	1.2225	0.353158	0.99875	0.115768	284179224	2185980179	3982873676	2337289215	2763677825	721329385	284181992
0.204967	0.91	1.21375	0.02275	5.485186	1.2225	0.356824	0.99875	0.115768	653138750	2188911334	3994244727	2368388343	2838402887	888517073	653141776
0.204973	0.91	1.21375	0.02275	5.485186	1.2225	0.356824	0.99875	0.115768	1022079120	2191801732	4005693855	2399676562	2913616892	1056820870	1022082217
0.20507	0.91	1.21375	0.02184	5.481547	1.2225	0.356824	0.99875	0.115768	1391163230	2194690443	4017372165	2431747484	2990773180	1229476684	1391166397
0.204877	0.91	1.21375	0.02275	5.485186	1.2225	0.353158	0.9975	0.115652	1759975210	2196969630	4028041642	2477567781	3076529831	1420151172	1759978527
0.205183	0.91	1.21375	0.02275	5.508233	1.2225	0.351936	0.9975	0.115652	2129334290	2199892881	4039403056	2508683146	3151260155	1587333464	2129336992
0.205021	0.91	1.21375	0.02275	5.468204	1.2225	0.355602	0.99875	0.115768	2498394025	2202816186	4050722152	2539664842	3225564334	1753533162	2498396642
0.205023	0.91	1.21375	0.02275	5.468204	1.2225	0.355602	0.99875	0.115768	2867425819	2205704749	4062051951	2570675585	3300021597	1920102275	2867429616
0.204877	0.91	1.21375	0.03549	5.466991	1.2225	0.356824	0.99875	0.115768	3236368815	2208618523	4073433391	2601856991	3374835966	2087462562	3236372039
0.205008	0.91	1.21375	0.03549	5.466991	1.2225	0.356824	0.99875	0.115768	3605259598	2211466854	4085135563	2633984606	3452138758	2260446469	3605262127
0.204938	0.91	1.21375	0.03185	5.468204	1.2225	0.355602	0.99875	0.115768	3974122170	2213764663	4095784245	2679759685	3537769943	2450829978	3974124842
0.204928	0.91	1.21375	0.03185	5.468204	1.2225	0.355602	0.99875	0.115768	48019099	2216666374	4107155745	2710901695	3612542241	2618102112	48022054
0.205107	0.91	1.21375	0.02275	5.47063	1.2225	0.356824	0.99875	0.115768	417186239	2219590262	4118516441	2741943840	3687120269	2784955968	417189125
0.20502	0.91	1.21375	0.02275	5.471843	1.2225	0.356824	0.99875	0.115768	786192459	2222497781	4129910547	2773139445	3762044424	2952568856	786195820
0.204958	0.91	1.21375	0.02275	5.453648	1.2225	0.356824	0.99875	0.115768	1155098192	2225394147	4141356703	2804443336	3837274179	3120893828	1155101381
0.205109	0.91	1.21375	0.02275	5.471843	1.2225	0.358046	0.99875	0.115768	1524339277	2228269312	4153103618	2836727385	3914946490	3294701640	1524341731
0.204917	0.91	1.21375	0.02275	5.471843	1.2225	0.358046	0.99875	0.115768	1893181731	2230552969	4163703522	2882336726	4000219419	3484266806	1893185056
0.205276	0.91	1.21375	0.02275	5.496103	1.2225	0.356824	0.99875	0.115768	2262714392	2233468047	4175053081	2913426195	4074867846	3651262616	2262717481
0.204981	0.91	1.21375	0.03185	5.437879	1.2225	0.35438	0.99875	0.115768	2631699955	2236376251	4186391593	2944401646	4149254118	3817676339	2631702751
0.205008	0.91	1.21375	0.03549	5.459713	1.2225	0.358046	0.99875	0.115768	3000706699	2239279274	4197727738	2975435516	4223779710	3984406880	3000710320
0.204871	0.91	1.21375	0.03549	5.459713	1.2225	0.358046	0.99875	0.115768	3369459249	2242177991	4209159796	3006709546	3943590	4152506725	3369462603
0.204874	0.91	1.21375	0.03458	5.460926	1.2225	0.356824	0.99875	0.115768	3738381142	2245048113	4220893582	3038955147	81548036	31210075	3738384473
0.204995	0.91	1.21375	0.02275	5.459713	1.2225	0.356824	0.99875	0.115768	4107180524	2247345317	4231495331	3084549891	166757428	220657720	4107183087
0.204908	0.91	1.21375	0.02275	5.480334	1.2225	0.35438	0.99875	0.115768	181190377	2250275836	4242837332	3115585129	241322335	387481108	181193170
0.205156	0.91	1.21375	0.02275	5.480334	1.2225	0.35438	0.99875	0.115768	550437188	2253180702	4254247935	3146726837	316172494	554952515	550440150
0.204987	0.91	1.21375	0.02275	5.473056	1.2225	0.355602	0.99875	0.115768	919301168	2256105331	4265604214	3177799814	390859143	722063279	919304160
0.205007	0.91	1.21375	0.02275	5.474269	1.2225	0.356824	0.99875	0.115768	1288347702	2258993839	4277099339	3209210307	466408290	891125216	1288350095
0.206348	0.91	1.21375	0.02275	5.487612	1.2225	0.356824	0.99875	0.115768	1659714903	2261891813	4288942543	3241769087	544770035	1066480660	1659717870
0.204996	0.91	1.21375	0.03003	5.493677	1.2225	0.355602	0.99875	0.115768	2028549728	2264161491	4519531	3287206946	629550982	1254958532	2028552345
0.204971	0.91	1.21375	0.03003	5.493677	1.2225	0.355602	0.99875	0.115768	2397493253	2267080099	15827397	3318178808	703893150	1421257366	2397496457
0.205029	0.91	1.21375	0.03549	5.475482	1.2225	0.353158	0.99875	0.116766	2766642410	2269996032	27167274	3349174442	778312467	1587747731	2766645435
0.204991	0.91	1.21375	0.03549	5.475482	1.2225	0.356824	0.99875	0.115768	3135593278	2272897625	38524460	3380254351	852979310	1754806920	3135596583
0.204982	0.91	1.21375	0.02457	5.475482	1.2225	0.355602	0.99875	0.115768	3504537803	2275813126	50002618	3411614211	928418031	1923626979	3504540450
0.205037	0.91	1.21375	0.02457	5.475482	1.2225	0.355602	0.99875	0.115768	3873558565	2278661080	61825236	3444113226	1006675037	2098770718	3873562166
0.204902	0.91	1.21375	0.02457	5.483973	1.2225	0.356824	0.99875	0.115768	4242490218	2280989964	72358564	3489491038	1091313264	2286926560	4242492699
0.205008	0.91	1.21375	0.02275	5.499742	1.2225	0.353158	0.99875	0.115768	316326382	2283901878	83712646	3520560647	1165933645	2453864401	316329074
0.204865	0.91	1.21375	0.02275	5.498529	1.2225	0.358046	0.99875	0.115768	685342310	2286826979	95077270	3551623155	1240576175	2620869300	685345317
0.204956	0.91	1.21375	0.02275	5.487612	1.2225	0.355602	0.99875	0.115768	1054263188	2289734587	106479344	3582802868	1315526430	2788572840	1054266284
0.204975	0.91	1.21375	0.02275	5.487612	1.2225	0.355602	0.99875	0.115768	1423094830	2292635140	117933053	3614100478	1390794493	2957002238	1423098434
0.204929	0.91	1.21375	0.02275	5.480334	1.2225	0.358046	0.99875	0.115768	1792036346	2295481544	129769461	3646693776	1469185206	3132407978	1792039196
0.205025	0.91	1.21375	0.02639	5.479121	1.2225	0.358046	0.9975	0.115652	2161030227	2297795925	140161435	3691716976	1552882508	3318426298	2161033384
0.204938	0.91	1.21375	0.03549	5.488825	1.2225	0.35438	0.99875	0.115768	2529938947	2300700390	151458461	3722690027	1627141442	3484515103	2529942338
0.20499	0.91	1.21375	0.03549	5.488825	1.2225	0.35438	0.99875	0.115768	2898829527	2303622816	162795766	3753707207	1701593915	3651068015	2898832138
0.204939	0.91	1.21375	0.03549	5.44637	1.2225	0.358046	0.99875	0.115768	3267831642	2306528450	174199771	3784892779	1776543973	3818764006	3267834365
0.205014	0.91	1.21375	0.02912	5.466991	1.2225	0.358046	0.99875	0.116766	3636806867	2309434711	185680785	3816296565	1852047668	3987713641	3636809589
0.204912	0.91	1.21375	0.02275	5.47063	1.2225	0.356824	0.99875	0.115768	4005691502	2312274345	197567478	3849030139	1930822720	4163999829	4005694458
0.204924	0.91	1.21375	0.02275	5.460926	1.2225	0.353158	0.99875	0.115768	79579700	2314594611	207988974	3893969464	2014686364	55446905	79583328
0.204859	0.91	1.21375	0.02275	5.460926	1.2225	0.353158	0.99875	0.115768	448570724	2317515969	219331989	3925026907	2089246420	222233743	448574088
0.204956	0.91125	1.21375	0.022775	5.468204	1.2225	0.358046	0.99875	0.116766	817391781	2320423446	230732389	3956158527	2164063230	389630390	817395178
0.204817	0.91	1.21375	0.02275	5.47063	1.2225	0.358046	0.99875	0.115768	1186282815	2323348173	242104267	3987260263	2238808786	556862475	1186285403
0.20486	0.91	1.21375	0.02275	5.451222	1.2225	0.358046	0.99875	0.116766	1554951835	2326216831	253535755	4018580073	2314005497	725092377	1554955262
0.20509	0.91	1.21375	0.02275	5.451222	1.2225	0.358046	0.99875	0.116766	1923942906	2329068965	265417947	4051333203	2392773510	901343833	1923946757
0.204944	0.91	1.21375	0.0364	5.464565	1.2225	0.356824	0.99875	0.115768	2292958328	2331367440	275779831	4096220643	2476216277	1086789590	2292961572
0.204991	0.91	1.21375	0.03549	5.471843	1.2225	0.351936	0.99875	0.115768	2661831499	2334288256	287106794	4127207091	2550638220	1253292065	2661834628
0.204911	0.91125	1.21375	0.030974	5.451222	1.2225	0.351936	0.99875	0.115768	3030743814	2337206096	298487087	4158314926	2625341938	1420420505	3030746627
0.204987	0.91	1.21375	0.02275	5.468204	1.2225	0.358046	0.99875	0.115768	3399692257	2340122498	309857011	4189427795	2700084508	1587643686	3399695458
0.20483	0.91	1.21375	0.02275	5.468204	1.2225	0.358046	0.99875	0.115768	3768384026	2343027757	321355580	4220877703	2775711744	1756873014	3768386846
0.205147	0.91	1.21375	0.02275	5.481547	1.2225	0.355602	0.99875	0.115768	4137630538	2345858303	333343552	4253922831	2855259989	1934894201	4137633893
0.205034	0.91	1.21375	0.02275	5.483973	1.2225	0.355602	0.99875	0.116766	211763755	2348205129	343668674	3696887	2938363141	2119606750	211766895
0.204916	0.91	1.21375	0.02366	5.491251	1.2225	0.353158	0.99875	0.116766	580591015	2351119630	355026110	34757625	3012994622	2286583047	580593941
0.204966	0.91	1.21375	0.02366	5.491251	1.2225	0.353158	0.99875	0.116766	949561915	2354037707	366377840	65798926	3087530208	2453334239	949565060
0.204945	0.91	1.21375	0.02275	5.481547	1.2225	0.356824	0.99875	0.115768	1318471552	2356942694	377717325	96840627	3162058701	2620065322	1318474906
0.204959	0.91	1.21375	0.03367	5.475482	1.2225	0.355602	0.9975	0.115652	1687463904	2359831361	389170480	128210499	3237394180	2788607929	1687467716
0.204996	0.91	1.21375	0.03549	5.481547	1.2225	0.356824	0.9975	0.115652	2056404480	2362643224	401163491	161326579	3317033874	2966808848	2056407887
0.205144	0.91	1.21375	0.03549	5.496103	1.2225	0.356824	0.9975	0.115652	2425667010	2365007231	411376240	205744657	3399338044	3149702239	2425670205
0.204925	0.91	1.21375	0.03549	5.496103	1.2225	0.356824	0.9975	0.115652	2794528025	2367916391	422755672	236866399	3474073135	3316899863	2794531129
0.204927	0.91	1.21375	0.02275	5.492464	1.2225	0.351936	0.9975	0.115652	3163338255	2370848533	434101309	267900614	3548612486	3483664592	3163340601
0.205045	0.91	1.21375	0.02275	5.483973	1.2225	0.356824	0.9975	0.115652	3532426170	2373747928	445511587	299109517	3623605460	3651454298	3532429081
0.204938	0.91	1.21375	0.02275	5.490038	1.2225	0.356824	0.99875	0.115768	3901312965	2376657557	457006884	330572945	3699233630	3820667752	3901315931
0.204924	0.91	1.21375	0.02275	5.490038	1.2225	0.356824	0.99875	0.115768	4270194905	2379465442	469097543	363980129	3779589923	4000473329	4270198723
0.205112	0.91	1.21375	0.02275	5.499742	1.2225	0.356824	0.9975	0.115652	344370424	2381820891	479294463	408289105	3861698115	4182961356	344373496
0.205021	0.91	1.21375	0.02275	5.48276	1.2225	0.353158	0.99875	0.115768	713493169	2384738512	490655470	439377336	3936344600	54987450	713495601
0.20506	0.91	1.21375	0.03003	5.48276	1.2225	0.356824	0.9975	0.115652	1082634044	2387643468	501980010	470361654	4010750933	221448411	1082637724
0.204948	0.91	1.21375	0.03549	5.479121	1.2225	0.358046	0.99875	0.115768	1451494864	2390555282	513341171	501436434	4085384058	388427485	1451497811
0.205092	0.91	1.21375	0.03549	5.479121	1.2225	0.358046	0.99875	0.115768	1820649545	2393435935	524805992	532851027	4160836074	557230980	1820652531
0.204929	0.91	1.21375	0.03549	5.473056	1.2225	0.358046	0.99875	0.116766	2189620839	2396250378	536960022	566447152	4241674602	738127765	2189623296
0.205309	0.91	1.21375	0.0364	5.465778	1.2225	0.359268	0.9975	0.115652	2558546219	2398531894	546567584	609136929	24765415	911543001	2558550174
0.204992	0.91	1.21375	0.02457	5.339626	1.22125	0.307692	0.9975	0.115652	2928072854	2401401317	557551669	639240683	96936942	1072945834	2928076861
0.204972	0.91	1.21375	0.02457	5.339626	1.22125	0.307692	0.9975	0.115652	3296953479	2404336372	568896594	670258960	171461948	1239680738	3296956603
0.204882	0.91	1.21375	0.02275	5.195279	1.2225	0.355602	0.9975	0.115652	3665841049	2407235049	580302849	701465641	246420493	1407388122	3665843701
0.204996	0.91	1.21375	0.02275	5.44637	1.2225	0.356824	0.9975	0.115652	4034789929	2410153850	591808291	732965234	322107906	1576734369	4034792904
0.204848	0.91	1.21375	0.02275	5.463352	1.2225	0.356824	0.9975	0.115652	108585726	2412955013	603926410	766440480	402647114	1756960795	108589045
0.205126	0.91	1.21375	0.02275	5.476695	1.2225	0.353158	0.9975	0.115652	477704216	2415307510	614076721	810707213	484466619	1938759050	477707079
0.205022	0.91	1.21375	0.02275	5.476695	1.2225	0.353158	0.9975	0.115652	846872341	2418220630	625388520	841708180	558801274	2105023093	846875230
0.204891	0.91	1.21375	0.0273	5.443944	1.2225	0.358046	0.9975	0.115652	1215653408	2421124889	636698811	872672834	633095563	2271215219	1215656394
0.204904	0.91	1.21375	0.03549	5.452435	1.2225	0.355602	0.9975	0.115652	1584556808	2424048891	648054458	903733240	707709906	2438156497	1584560084
0.205044	0.91	1.21375	0.03549	5.460926	1.2225	0.356824	0.9975	0.115652	1953470608	2426926606	659553285	935239147	783391287	2607473630	1953474041
0.204905	0.91	1.21375	0.03549	5.460926	1.2225	0.356824	0.9975	0.115652	2322554403	2429481851	671840504	969208335	865095710	2790282397	2322557236
0.20505	0.91	1.21375	0.02821	5.452435	1.22125	0.322344	0.9975	0.115652	2691580033	2431701467	681917289	1013219285	946306978	2970750654	2691583077
0.204938	0.91	1.21125	0.02275	5.014751	1.22125	0.275946	0.9975	0.115652	3060341278	2434597879	693205442	1044107080	1020444680	3136595351	3060344112
0.204987	0.91	1.2125	0.02184	5.256444	1.2225	0.355602	0.9975	0.115652	3429296928	2437503531	704590226	1075201313	1095218898	3303922332	3429300228
0.204988	0.91	1.21375	0.02275	5.457287	1.2225	0.356824	0.9975	0.115652	3798228898	2440431045	715986719	1106343350	1170103326	3471489553	3798231794
0.205023	0.91	1.21375	0.02275	5.457287	1.2225	0.356824	0.9975	0.115652	4167313708	2443315512	727539052	1137936095	1246121284	3641605594	4167316694
0.205251	0.91	1.21375	0.02275	5.473056	1.2225	0.355602	0.9975	0.115652	241847707	2446103031	739817157	1171895367	1327892314	3824606336	241850918
0.204936	0.91	1.21375	0.02366	5.49489	1.2225	0.355602	0.9975	0.115652	610819152	2448504975	749730241	1215444548	1407944474	4002437964	610822009
0.204947	0.91	1.21375	0.03549	5.468204	1.22125	0.352869	0.9975	0.115652	979607692	2451401229	761045682	1246419817	1482265737	4168683246	979611043
0.204848	0.91	1.21375	0.03549	5.468204	1.22125	0.352869	0.9975	0.115652	1348522302	2454329906	772356056	1277381488	1556531070	39834837	1348525244
0.205066	0.91	1.21375	0.03549	5.469417	1.2225	0.356824	0.9975	0.115652	1717504467	2457207174	783756916	1308580641	1631487364	207548742	1717507379
0.205028	0.91	1.21375	0.03185	5.475482	1.2225	0.355602	0.9975	0.115652	2086439267	2460115196	795275093	1340128243	1707323248	377226380	2086442928
0.204875	0.91	1.21375	0.02275	5.485186	1.2225	0.356824	0.9975	0.115652	2455402207	2462874436	807656759	1374421257	1789880516	561982364	2455405243
0.203602	0.91	1.2075	0.02275	4.261917	1.2225	0.356824	0.9975	0.115652	2562287412	2463463917	810747062	1390115631	1813761003	612095217	2562289466
0.203137	0.91	1.2075	0.02275	4.261917	1.2225	0.356824	0.9975	0.115652	2562649070	2463466211	810751047	1390159126	1813790759	612143981	2562649760
0.202944	0.91125	1.1925	0.019131	0.730696	1.215	0.10935	0.9975	0.113658	2562875311	2463466871	810753493	1390187931	1813811383	612179079	2562876021
0.202979	0.91125	1.1925	0.017309	0.6854	1.2125	0.019392	0.9975	0.110667	2563098523	2463467463	810755704	1390216240	1813831998	612213581	2563099221
0.21585	0.91125	1.19125	0.016398	0.672915	1.2125	0.019392	0.99625	0.108564	2563434077	2463468147	810758682	1390255767	1813860434	612261006	2563434772
